YOU NEVER EAT CANDY YOU,You never eat candy
NEW CAR HAVE YOU,Do you have a new car
YOU PREFER PIZZA OR HAMBURGER,Would you rather have pizza or a hamburger
,
YOU LIKE MEET NEW PEOPLE YOU,Do you like to meet new people
"YOU FEEL ANXIOUS, WHEN",When do you feel anxious
YOU LIKE CHAT-WITH DEAF,Do you like to chat with deaf people
WHAT-KIND PEOPLE YOU LIKE,What type of people do you like
LEARN NEW THING YOU LIKE,Do you like to learn new things
,
AFTERNOON WORK YOU,Do you work in the afternoon
TODAY YOU FINISH BRUSH-TEETH YOU,Did you brush your teeth today
YOU THINK LIFE FAIR ALL PEOPLE,Do you think life is fair for all people
EVERYDAY YOU SHOWER,Do you shower everyday
EVERY-SATURDAY WHAT-DO YOU,What do you do on every Saturday
,
,
HABIT ANY YOU? ,Do you have any habbit? 
HOW-MANY HOUR EQUAL ONE DAY?,How-many hours are in a day?
HOW-MANY MINUTE EQUAL ONE-HOUR?,How-many minutes are in an hour?
HOW-MANY DAY EQUAL ONE MONTH?,How-many days are in a month?
HOW-MANY MONTH EQUAL ONE YEAR?,How-many months are in a year?
,
YOU LIKE MONDAY?,Do you like Mondays?
"MOVIE, GO TUESDAY NIGHT, GOOD, WHY?",Why are Tuesday nights a good time to go to the movies?
"SATURDAY NIGHT, I GO PARTY.",I'm going to a party Saturday night.
WANT ACCOMPANY-me?,Do you want to go with me?
ONE MINUTE HAVE HOW-MANY S-E-C?,How many seconds are in a minute?
ONE WEEK HAVE HOW-MANY DAYS?,How many days are in a week?
,
,
YOU SCHOOL WHICH DAY?,Which days are you in school?
"PEOPLE GO CHURCH, WHICH DAY?",On which day do people go to church.
PAST WEEKEND WHAT-DO YOU?,What did you do last weekend?
"YESTERDAY, HOW-MANY TIME YOU EAT?",How-many times did you eat yesterday?
NEXT-WEEK YOU COME SCHOOL?,Are you coming to school next week?
,
"RESEARCH ARTICLE, YOU LIKE READ?",Do you like to read research articles?
YOUR TV CLOSE-CAPTIONED?,Is your television close-captioned?
YOUR DAD COLLEGE?,Did your dad go to college?
YOU GALLAUDET YOU?,Did you go to Gallaudet?
WANT BECOME INTERPRETER YOU? ,Do you want to be an interpreter?
,
DEAF HEARING YOU?,Are you deaf or hearing?
YOU THINK DEAF DEAF MARRY SHOULD?,Do you think hard-of-hearing people should marry Deaf people or hearing people?
"HIGH-SCHOOL, YOU GRADUATE WHEN?",When did you graduate high school?
YOU THINK THIS CLASS HARD?,Do you think this class is hard?
"DEAF COLLEGE STUDENT SOMETIMES USE NOTE-TAKER, WHY?",Why do Deaf college students sometimes use note-takers?
,
"WATCH MOVIE, YOU LIKE CLOSE-CAPTION?",Do you like to watch close-captioned movies?
"TRUE FALSE TEST, YOU LIKE?",Do you like TRUE/FALSE tests?
"RESEARCH PAPER, YOU LIKE WRITE?",Do you like to write research papers?
"TEACHER LIGHTS-FLASH, WHY?",Why does the teacher flash the lights?
"INTERPRETER LIST, YOU HAVE?",Do you have a list of interpreters?
,
"SQUARE, YOU THINK HE/SHE TEACHER SHOULD WRITE MORE?",Do you think the teacher should write on the board more often?
PAST TEST THIS CLASS YOU WRONG how-MANY?,How many did you miss on the previous test you took in this class?
"COLLEGE, YOU GRADUATE WHEN?",When did you / or will you graduate from college?
YOU THINK THIS CLASS EASY?,Do you think this class is easy?
DEAF-SCHOOL YOU?,Did you attend a residential school for the Deaf?
,
"SUMMER OR WINTER, YOU LIKE BETTER WHICH?","Which do you like better, summer or winter?"
"COLD WEATHER, YOU LIKE?",Do you like cold weather?
"AUTUMN, WIND, COOL, YOU LIKE stroll?",Do you like going for a stroll in a cool autumn breeze?
"SUMMER VACATION, YOU WAKE UP what-TIME?",What time do you wake up during summer vacation?
WINTER HERE SNOW?,Does it snow here in the winter?
,
,
YOU THINK TONIGHT FREEZE?,Do you think it will freeze tonight?
"SUPPOSE RAIN, GO OUT PLAY, SICK YOU?","If you play in the rain, will you get sick?"
"MAKE SNOW MAN, YOU LIKE?",Do you like building snowmen?
WORK YOU? SICK DAY VACATION YOU CAN HOW-MANY?,"If you work, how many days of sick-leave do you get?"
"WARM COOKIE AND MILK, YOU LIKE?",Do you like warm cookies and milk?
,
"SLEEP-IN, YOU LIKE?",Do you like to sleep in?
"YESTERDAY YOU WAKE-UP, what-TIME?",What time did you wake up yesterday?
"HOT WEATHER, YOU LIKE?",Do you like hot weather?
"SUMMER VACATION, YOU GO-TO-BED what-TIME?",What time do you go to bed during summer vacation?
"SUPPOSE SICK, YOU THINK GO-TO-BED HELP?",Do you think bed rest will help when you are sick?
,
,
YOU USE DEODORANT YOU? ,Do you use deodorant?
YOUR FAVORITE TIME YEAR WHAT? ,What is your favorite time of year?
FEEL SICK YOU? ,Do you feel sick?
YOUR REFRIGERATOR FULL?,Is your refrigerator full?
"COLD PIZZA, YOU LIKE?",Do you like cold pizza?
,
YOUR MAJOR WHAT?, What are you majoring in?
YOUR TEACHER HAVE AIDE?, Does you teacher have an aide?
YOU USE BABYSITTER?, Do you use a babysitter?
YOUR BOSS NAME?, What is your boss's name?
YOU LIKE COOK?, Do you like to cook?
,
,
YOUR GRANDPA FARMER? ,Is your grandpa a farmer?
PAST YOURSELF LITTLE-GIRL/BOY WANT GROW-UP FUTURE DO-what? ,When you were a little girl/boy what did you want to be?
"SUPPOSE YOUR DAD DIVORCE, MARRY NEW WOMAN, SHE YOUR WHAT? ","If your dad were divorced and re-married, what relationship would the new wife be to you?"
YOUR FAMILY ANY LIBRARY PERSON?, Is anyone in your family a librarian?
"YOUR NEIGHBOR NAME, WHAT?", What is your neighbor's name?
,
PICTURE YOUR FAMILY YOU HAVE?, Do you have a picture of your family?
"INDIA, PRIME MINISTER, WHO?", Who is the prime minister of India?
"STEP FATHER, MEANING?", What does the sign stepfather mean?
"BROTHER-IN-LAW YOU HAVE, HOW-MANY?", How-many brothers-in-law do you have?
"WAITRESS, HOW-MUCH SHOULD T-I-P?", How much should you tip a waitress?
,
,
"NEWSPAPER, YOU LIKE READ?", Do you like to read the newspaper?
WHICH COMPUTER PROGRAM YOU USE?, Which computer program or programs do you use?
YOU WISH YOURSELF HAVE SECRETARY? ,Do you wish you had your own secretary?
HOW SIGN S-C-I-E-N-T-I-S-T? ,What is the sign for scientist?
POLICE he/she-HELP-you BEFORE HOW?, How have you been helped by a police officer?
,
"SUPPOSE TEACHER NOT COME, WAIT 1/2-HOUR YOU?", Would you wait a half-hour if the teacher doesn't come?
"BEFORE CLASS, WHERE YOU?", Where were you before class?
"YESTERDAY, SCHOOL FINISH AFTER what-DO YOU? ",What did you do after school yesterday?
"DOCTOR APPOINTMENT, YOU HAVE?", Do you have a doctor's appointment?
"WHICH YOU LIKE BEST, SPRING, SUMMER, FALL?"," Which do you like best, spring, summer, or fall?"
,
,
"WHO YOU THINK BETTER DRIVER, WOMAN OR MAN?"," Who do you think makes a better teacher, a woman or a man?"
PAST WEEKEND DO-what?, What did you do last weekend?
"SHOES, YOU HAVE, HOW-MANY ?", How many pairs of shoes do you have?
"YOUR FIRST CAR, what-COLOR?", What was the color of your first car?
"YOUR FAMILY, LAST CHILD WHO?", Who was the last child in your family?
,
,
"TODAY, YOUR LAST CLASS WHAT?", What is your last class today?
LATE CLASS ALWAYS YOU?, Are you always late to class?
YOU KNOW WHERE DEAF CENTER YOU?, Do you know where the center for the deaf is?
"PAST SATURDAY YOU GO-TO-BED, what-TIME?", What time did you go to bed last Saturday?
"YOUR FAMILY, WHO COOK MOST?",Who does most of the cooking in your family?
,
,
YOUR NEXT CLASS WHAT? ,What class do you have next?
"HEARING-AID BATTERY, YOU NOT-YET CHANGE YOU?", Haven't you changed your hearing-aid battery yet?
"LIBRARY, HOW OFTEN YOU GO?", How often do you go to the library?
YOU GRADUATE SOON YOU?, Will you be graduating soon? 
YOU RECENT what-DO?, What did you do recently?
,
YOU LIKE BANANA?, Do you like bananas?
"WATER, MILK, POP, BEER, YOU PREFER DRINK WHICH YOU?"," Which do you prefer to drink, water, milk, pop, or beer?"
NOW-MORNING EAT WHAT?, What did you have for breakfast?
"EAT FINISH, CUP, DISH, PUT S-I-N-K YOU?"," When you are done eating, do you put your dishes in the sink?"
YESTERDAY NIGHT EAT WHAT?, What did you have for dinner yesterday?
,
,
"YOUR FRENCH-FRIES, YOU SALT A-LOT? ",Do you like a lot of salt on your French fries?
"FRENCH-TOAST, HOW MAKE? ",How do you make French toast?
"GRAPES, YOU EAT HOW OFTEN YOU? ",How often do you often eat grapes?
"SUPPOSE EAT EGG, LIKE KETCHUP YOU? ",Do you like ketchup on your eggs?
YOUR HAMBURGER WANT M-A-Y-O YOU? ,Do you want mayonnaise on your hamburger?
�,
,
"YOUR HOTDOG, WANT MUSTARD YOU? ",Do you want mustard on your hotdog?
TOMORROW BREAKFAST YOU WANT PANCAKE AND SAUSAGE? ,Would you like pancakes and sausage for breakfast tomorrow?
"SOUP, YOU LIKE PEPPER? ",Do you like pepper in your soup?
"YOUR HAMBURGER, YOU LIKE PICKLE?", Do you like pickles on your hamburger?
"TOMORROW EAT NOON, YOU WANT SOUP AND SALAD?", Would you like soup and salad for lunch tomorrow?
,
,
YOU THINK SALT BAD FOR YOU?, Do you think salt is bad for you?
YOUR S-I-N-K what-COLOR?, What color is your sink?
"SOAP YOU USE, what-NAME?", What brand of soap do you use?
"SOUP, YOU LIKE WHAT-KIND?", What kind of soup do you like?
"CEREAL, YOU LIKE WHAT-KIND?", What kind of cereal do you like?
,
"BICYCLE, HAVE YOU?", Do you have a bike?
"BOAT, BEFORE YOU?", Have you been on a boat before?
YOU WANT BUILD your-SELF HOUSE?, Do you want to build your own house?
CAR crash HOW-MANY TIME YOU?, How many times have you been in a car wreck?
"YOUR KEYS, YOU LOSE BEFORE? ",Have you lost your keys before?
,
,
YOU THINK FIND NEW ADDRESS EASY?�,Do you think finding new addresses is easy?
AIRPLANE BEFORE YOU? ,Have you ever been on an airplane before?
YOU ENJOY DO-what? ,What do you enjoy doing?
"HORSE, YOU RIDE-ON BEFORE?", Have you ever ridden a horse before?
WISH HAVE your-SELF HELICOPTER YOU?, Do you wish you had your own helicopter?
,
,
"MOTORCYCLE, HAVE YOU?", Do you have a motorcycle?
"YOU PRACTICE SIGN, WHY?", Why do you practice signing?
"YOU LEAVE THIS CLASS, what-TIME?", What time will you leave this class?
HOW YOU SIGN R-O-C-K-E-T?, How do you sign rocket?
YOU SEARCH WORK YOU?, Are you looking for work?
,
YOUR CITY HAVE SUBWAY? ,Is there a subway in your city?
LAST-YEAR TICKET HOW-MANY YOU?, How many tickets did you get last year?
"TRAIN TRAVEL, YOU LIKE?", Do you like to travel by train?
"YOUR ISL BOOK, YOU LOSE BEFORE YOU?", Have you ever lost your ISL book?
YOU PREFER CAR TRUCK?, Do you prefer cars or trucks?
,
YOU AFRAID WHAT? ,What scares you?
YOU THINK SCHOOL BORING?, Do you think school is boring?
YOU THINK FIREMEN BRAVE?, Do you think firemen are brave?
YOU LIKE CHAT PHONE?, Do you like to chat on the phone?
EMBARRASS EASY YOU?, Do you embarrass easily?
,
,
YOU ENJOY DO-what?, What do you enjoy doing?
"YOU THINK MOST DOG FRIENDLY, MEAN, WHICH?", Do you think most dogs are friendly or are they mean?
YOU FEEL FRUSTRATED WHEN?, When do you feel frustrated?
"YOU FEEL HAPPY, WHEN?", When do you feel happy?
RECENT YOU INSULT ANY-ONE?, Have you recently insulted anyone?
,
YOU SOMETIMES FEEL LONELY YOU?, Do you sometimes feel lonely?
"YOU MAD, FOR-FOR? ",Why are you mad?
YOUR BOYFRIEND HE/SHE JEALOUS EASY?, Is your boyfriend [or girlfriend] the jealous type?
BEFORE TEST YOU FEEL NERVOUS YOU?, Do you get nervous before a test?
YOU PROUD ABOUT WHAT?, What do you take pride in?
,
,
YOU THINK HE/SHE TEACHER SILLY?, Do you think the teacher is silly?
YOU THINK CAT STUCK-UP?, Do you think cats are stuck up?
"SURPRISE TEST, YOU LIKE?", Do you like surprise tests?
"SUPPOSE WALK 4-HOUR, FUTURE TIRED YOU?"," Suppose you walk for four hours, would you be tired?"
"BOOK YOU THINK INTERESTING, what-NAME?", What is the name of a book that you think is interesting.
,
BUZZ-CUT BEFORE YOU?, Have you ever had a buzz-cut hair-style?
YOUR ISL BOOK?, Is your ISL book thick?
NAME SOMEONE CURLY-HAIR., Name someone who has curly hair.
"YOU THINK CUTE, WHO?", Who do you think is cute?
YOUR MOM EYES BROWN?, Does your mom have brown eyes?
,
,
YOU LOOK-LIKE YOUR DAD?, Do you look like your dad?
YOUR SISTER FAT?, Is your sister fat?
YOU LIKE FOOL PEOPLE?, Do you like to fool people?
"YOUR BROTHER HAIR, COLOR?", What color is your brother's hair?
"HAIR, LONG-HAIR, SHORT-HAIR, WHICH YOU THINK PRETTY?"," Which do you think is prettier, long hair or short hair?"
,
"YOU EAT A-LOT, REGULAR, WHICH?"," Do you eat a lot, or do you eat a normal amount?"
YOUR DAD SHORT?, Is your dad short?
YOUR GRANDPA SKINNY?, Is your grandpa skinny?
OLD PEOPLE WEAK?, Are old people weak?
"GIRL THIS CLASS STRAIGHT-HAIR, HOW-MANY?", How many girls in this class have straight hair?
,
,
MOST FARMER STRONG?, Are most farmers strong?
YOU HOW-TALL?, How tall are you?
YOUR DAD EYES BLUE?, Does your dad have blue eyes?
"PIZZA THIN, THICK, YOU FAVORITE WHICH? ","Which do you prefer, thick or thin crust pizza?"
"MY SHOES, YOU THINK UGLY? ",Do you think my shoes are ugly?
,
"BUS, YOU RIDE-IN SCHOOL, YOU? ",Do you ride the bus to school?
YOU GO DENTIST HOW OFTEN? ,How often do you go to the dentist?
"JOB YOU APPLY BEFORE, HOW-MANY? ",How many jobs have you applied for previously?
"YOU HAIRCUT, HOW OFTEN? ",How often do you get your haircut?
"OLD BOY-FRIEND, PICTURE YOU KEEP? ",Do you keep pictures of your old boyfriends? 
,
,
"MOST POST-OFFICE WORKER THIN, WHY? ",Why are most postal employees thin?
"SOMETHING BROKE, YOU PREFER HIRE MECHANIC, FIX you SELF, WHICH?  ","If something is broke, do you prefer to hire a mechanic or do you prefer to fix it yourself?"
"YOUR HOUSE, WHO MANAGE? ",Who runs your house / apartment?
"YOUR SUPERVISOR, WHO? ",Who is your supervisor?
"BOSS FIRE WORKER, WHY? ",Why do bosses fire employees?
,
"PILOT USE SUN GLASSES, WHY? ",Why do pilots use sunglasses?
YOU ENJOY what DO? ,What do you enjoy doing?
YOU LIKE DANCE? ,Do you like to dance?
YOU LIKE FISHING? ,Do you like to fish?
YOU WISH you SELF LAWYER? ,Do you wish you were an attorney?
,
YOUR MAJOR WHAT?, What is your major in school or your line of work?
YOUR CHURCH SEND MISSIONARY?, Does your church send out missionaries?
YOUR DAD ARMY BEFORE?, Was your dad in the Army?
YOUR HOUSE NEED PAINT?, Does your house need painting?
"YOUR RESUME, HOW-MANY PAGE?", How many pages is your resume?
,
"YOUR MONEY, YOU KEEP WHERE?",Where do you keep your money?
,
CAN YOU MANAGE YOU SELF BUSINESS?, Can you run your own business?
"TOMORROW, YOU BUSY?",Are you busy tomorrow?
BOOK COST WHAT?,What is the cost of the book?
,
YOU EARN MORE THAN 100 RUPEES HOUR?,Do you earn more than Rupees 100 per hour?
YOU LIKE GO CLASS EARLY?,Do you like to go early to the class? 
YOU THINK GOVERNMENT PAY GOOD?,Do you think the Government pays good amount?
CAN DEAF GO COLLEGE FREE?,Can the deaf people go to college free of cost?
"KNOW GOLD COIN , YOU HAVE YOU? ",Are you familiar with gold coin? Do you have one?
,
,
EVERYDAY YOU BUY WHAT? ,What do you buy every day?
YOU HAVE you SELF OFFICE?, Do you have your own office?
,
next-YEAR SCHOOL REGISTER FINISH YOU? ,Have you registered for school next year?
