﻿a1,a2
I like both,मुझे दोनो पसंद हैं। 
I like cake.,मुझे केक पसंद है। 
Nobody came.,कोई नहीं आया।
Are you sick? ,क्या तुम बीमार हो? 
Come with us.,हमारे साथ आओ। 
I am at home.,मैं घर पर हूँ।
I have a car.,मेरे पास एक गाड़ी है।
I have a dog. ,मेरे पास एक कुत्ता है। 
I understand,मैं समझता हूँ।
 I'm a doctor.,मैं डॉक्टर हूँ।
 It is a book.,यह किताब है।
Please leave.,कृपया जाईये।
We are happy.,हम खुश हैं।
What is this?  ,यह क्या है?
 Can I help you?,क्या मैं आपकी मदद कर सकता हूँ?
 He has a beard.,उसके पास दाढ़ी है।
 He is an actor.,वह अभिनेता है।
He needs money. ,उसे पैसों की ज़रूरत है।
 I must buy one.,मुझे एक तो खरीदना ही होगा।
 How is it going?,कैसा चल रहा है?
He has a hat on.,उसने टोपी पहनी हुई है।
 You have to go. ,तुम्हें जाना होगा।
You never eat candy,आप कभी कैंडी नहीं खाते
Do you have a new car,क्या आपके पास एक नई कार है
Would you rather have pizza or a hamburger,क्या आपके पास पिज्जा या हैमबर्गर होगा
Do you like to meet new people,क्या आप नए लोगों से मिलना पसंद करते हैं
When do you feel anxious,आप चिंतित कब महसूस करते हैं
Do you like to chat with deaf people,क्या आप बहरे लोगों के साथ चैट करना पसंद करते हैं
What type of people do you like,आप किस तरह के लोगों को पसंद करते हैं
Do you like to learn new things,क्या आप नई चीजें सीखना पसंद करते हैं
Do you work in the afternoon,क्या आप दोपहर में काम करते हैं?
Did you brush your teeth today,क्या आपने आज अपने दाँत ब्रश किए?
Do you think life is fair for all people,क्या आपको लगता है कि जीवन सभी लोगों के लिए उचित है
Do you shower everyday,क्या आप रोज स्नान करते हैं?
What do you do on every Saturday,आप हर शनिवार को क्या करते हैं
Do you have any habbit? ,क्या आपके पास कोई हैबिट है?
How-many hours are in a day?,एक दिन में कितने घंटे होते हैं?
How-many minutes are in an hour?,एक घंटे में कितने मिनट होते हैं?
How-many days are in a month?,एक महीने में कितने दिन होते हैं?
How-many months are in a year?,एक साल में कितने महीने होते हैं?
Do you like Mondays?,क्या आपको सोमवार पसंद है?
Why are Tuesday nights a good time to go to the movies?,फिल्मों में जाने के लिए मंगलवार की रात एक अच्छा समय क्यों है?
I'm going to a party Saturday night.,मैं शनिवार रात एक पार्टी में जा रहा हूं।
Do you want to go with me?,क्या आप मेरे साथ जाना चाहते हैं?
How many seconds are in a minute?,एक मिनट में कितने सेकंड होते हैं?
How many days are in a week?,एक सप्ताह में कितने दिन होते हैं?
Which days are you in school?,आप स्कूल में किस दिन हैं?
On which day do people go to church.,किस दिन लोग चर्च जाते हैं।
What did you do last weekend?,आपने पिछले सप्ताहांत में क्या किया?
How-many times did you eat yesterday?,कल-कल कितनी बार खाया?
Are you coming to school next week?,क्या आप अगले हफ्ते स्कूल आ रहे हैं?
Do you like to read research articles?,क्या आप शोध लेख पढ़ना पसंद करते हैं?
Is your television close-captioned?,क्या आपका टेलीविजन बंद है?
Did your dad go to college?,क्या आपके पिताजी कॉलेज गए थे?
Did you go to Gallaudet?,क्या आप गैलॉडेट गए थे?
Do you want to be an interpreter?,क्या आप दुभाषिया बनना चाहते हैं?
Are you deaf or hearing?,आप बहरे हैं या सुन रहे हैं?
Do you think hard-of-hearing people should marry Deaf people or hearing people?,क्या आपको लगता है कि सुनने वाले लोगों को बहरे लोगों से शादी करनी चाहिए या लोगों की सुनवाई करनी चाहिए?
When did you graduate high school?,आपने हाई स्कूल कब स्नातक किया?
Do you think this class is hard?,क्या आपको लगता है कि यह वर्ग कठिन है?
Why do Deaf college students sometimes use note-takers?,बहरे कॉलेज के छात्र कभी-कभी नोट लेने वालों का उपयोग क्यों करते हैं?
Do you like to watch close-captioned movies?,क्या आप नज़दीकी फ़िल्में देखना पसंद करते हैं?
Do you like to write research papers?,क्या आप शोध पत्र लिखना पसंद करते हैं?
Why does the teacher flash the lights?,शिक्षक रोशनी क्यों चमकता है?
Do you have a list of interpreters?,क्या आपके पास दुभाषियों की सूची है?
Do you think the teacher should write on the board more often?,क्या आपको लगता है कि शिक्षक को बोर्ड पर अधिक बार लिखना चाहिए?
How many did you miss on the previous test you took in this class?,इस कक्षा में आपके द्वारा लिए गए पिछले परीक्षण में आपने कितने को याद किया?
When did you / or will you graduate from college?,आपने कॉलेज से स्नातक कब किया / होगा?
Do you think this class is easy?,क्या आपको लगता है कि यह वर्ग आसान है?
Did you attend a residential school for the Deaf?,क्या आपने बधिरों के लिए एक आवासीय विद्यालय में भाग लिया?
"Which do you like better, summer or winter?","आपको कौन सा बेहतर, गर्मी या सर्दी पसंद है?"
Do you like cold weather?,क्या आपको ठंडा मौसम पसंद है?
Do you like going for a stroll in a cool autumn breeze?,क्या आप एक शांत शरद ऋतु की हवा में टहलने के लिए जाना पसंद करते हैं?
What time do you wake up during summer vacation?,गर्मी की छुट्टी के दौरान आप किस समय जागते हैं?
Does it snow here in the winter?,क्या यहाँ सर्दियों में बर्फ पड़ती है?
Do you think it will freeze tonight?,क्या आपको लगता है कि यह आज रात जम जाएगा?
"If you play in the rain, will you get sick?","अगर आप बारिश में खेलते हैं, तो क्या आप बीमार पड़ेंगे?"
Do you like building snowmen?,क्या आपको स्नोमैन बनाना पसंद है?
"If you work, how many days of sick-leave do you get?","यदि आप काम करते हैं, तो आपको कितने दिनों की बीमार-छुट्टी मिलती है?"
Do you like warm cookies and milk?,क्या आपको गर्म कुकीज़ और दूध पसंद है?
Do you like to sleep in?,क्या आप अंदर सोना पसंद करते हैं?
What time did you wake up yesterday?,कल आप किस समय जगे थे?
Do you like hot weather?,क्या आपको गर्म मौसम पसंद है?
What time do you go to bed during summer vacation?,गर्मी की छुट्टी में आप किस समय बिस्तर पर जाते हैं?
Do you think bed rest will help when you are sick?,क्या आपको लगता है कि जब आप बीमार होते हैं तो बेड रेस्ट मदद करेगा?
Do you use deodorant?,क्या आप दुर्गन्ध का उपयोग करते हैं?
What is your favorite time of year?,वर्ष का आपका पसंदीदा समय क्या है?
Do you feel sick?,क्या आप बीमार हो?
Is your refrigerator full?,क्या आपका फ्रिज भरा हुआ है?
Do you like cold pizza?,क्या आपको ठंडा पिज़्ज़ा पसंद है?
 What are you majoring in?, आप क्या पढ़ाई कर रहे हैं?
 Does you teacher have an aide?, क्या आपके पास शिक्षक है?
 Do you use a babysitter?, क्या आप एक दाई का उपयोग करते हैं?
 What is your boss's name?, आपके बॉस का नाम क्या है?
 Do you like to cook?, क्या आपको खाना बनाना पंसद है?
Is your grandpa a farmer?,क्या आपके दादा किसान हैं?
When you were a little girl/boy what did you want to be?,जब आप एक छोटी लड़की / लड़का थे तो आप क्या बनना चाहते थे?
"If your dad were divorced and re-married, what relationship would the new wife be to you?","यदि आपके पिताजी तलाकशुदा थे और फिर से विवाहित हैं, तो नई पत्नी का आपके साथ क्या संबंध होगा?"
 Is anyone in your family a librarian?, क्या आपके परिवार में कोई लाइब्रेरियन है?
 What is your neighbor's name?, आपके पड़ोसी का नाम क्या है?
 Do you have a picture of your family?, क्या आपके पास अपने परिवार की तस्वीर है?
 Who is the prime minister of India?, भारत का प्रधान मंत्री कौन है?
 What does the sign stepfather mean?, साइन सौतेले पिता का क्या मतलब है?
 How-many brothers-in-law do you have?, आपके कितने भाई हैं?
 How much should you tip a waitress?, आपको एक वेट्रेस को कितना टिप देना चाहिए?
 Do you like to read the newspaper?, क्या आपको अखबार पढ़ना पसंद है?
 Which computer program or programs do you use?, आप किस कंप्यूटर प्रोग्राम या प्रोग्राम का उपयोग करते हैं?
Do you wish you had your own secretary?,क्या आप चाहते हैं कि आपका अपना सचिव हो?
What is the sign for scientist?,वैज्ञानिक के लिए क्या संकेत है?
 How have you been helped by a police officer?, आपको एक पुलिस अधिकारी द्वारा कैसे मदद की गई है?
 Would you wait a half-hour if the teacher doesn't come?, अगर शिक्षक नहीं आए तो क्या आप आधे घंटे इंतजार करेंगे?
 Where were you before class?, आप कक्षा से पहले कहाँ थे?
What did you do after school yesterday?,कल स्कूल के बाद आपने क्या किया?
 Do you have a doctor's appointment?, क्या आपके पास डॉक्टर की नियुक्ति है?
" Which do you like best, spring, summer, or fall?"," आपको सबसे अच्छा कौन लगता है, वसंत, गर्मी, या गिरावट?"
" Who do you think makes a better teacher, a woman or a man?"," आपको क्या लगता है एक बेहतर शिक्षक, एक महिला या एक पुरुष बनाता है?"
 What did you do last weekend?, आपने पिछले सप्ताहांत में क्या किया?
 How many pairs of shoes do you have?, आपके पास कितने जोड़े जूते हैं?
 What was the color of your first car?, आपकी पहली कार का रंग क्या था?
 Who was the last child in your family?, आपके परिवार में अंतिम बच्चा कौन था?
 What is your last class today?, आज आपकी अंतिम कक्षा क्या है?
 Are you always late to class?,क्या आपको हमेशा क्लास में देरी होती है?
 Do you know where the center for the deaf is?, क्या आप जानते हैं कि बहरे के लिए केंद्र कहाँ है?
 What time did you go to bed last Saturday?, पिछले शनिवार को आप किस समय बिस्तर पर गए थे?
Who does most of the cooking in your family?,आपके परिवार में सबसे ज्यादा खाना कौन बनाता है?
What class do you have next?,आपके पास आगे कौन सी कक्षा है?
 Haven't you changed your hearing-aid battery yet?, क्या आपने अभी तक अपनी हियरिंग एड बैटरी नहीं बदली है?
 How often do you go to the library?, आप लाइब्रेरी में कितनी बार जाते हैं?
 Will you be graduating soon? , क्या आप जल्द ही स्नातक हो जाएंगे?
 What did you do recently?, आपने हाल ही में क्या किया?
 Do you like bananas?, क्या आपको केले पसंद हैं?
" Which do you prefer to drink, water, milk, pop, or beer?"," आप कौन सा पेय, पानी, दूध, पॉप या बीयर पीना पसंद करते हैं?"
 What did you have for breakfast?, आपने नाश्ते में क्या लिया?
" When you are done eating, do you put your dishes in the sink?"," जब आप भोजन करते हैं, तो क्या आप अपने व्यंजन सिंक में डालते हैं?"
 What did you have for dinner yesterday?, कल खाने के लिए आपके पास क्या था?
Do you like a lot of salt on your French fries?,क्या आपको अपने फ्रेंच फ्राइज़ पर बहुत सारा नमक पसंद है?
How do you make French toast?,आप फ्रेंच टोस्ट कैसे बनाते हैं?
How often do you often eat grapes?,आप कितनी बार अंगूर खाते हैं?
Do you like ketchup on your eggs?,क्या आपको अपने अंडे पर केचप पसंद है?
Do you want mayonnaise on your hamburger?,क्या आप अपने हैमबर्गर पर मेयोनेज़ चाहते हैं?
Do you want mustard on your hotdog?,क्या आप अपने हॉटडॉग पर सरसों चाहते हैं?
Would you like pancakes and sausage for breakfast tomorrow?,क्या आप कल नाश्ते के लिए पेनकेक्स और सॉसेज पसंद करेंगे?
Do you like pepper in your soup?,क्या आप अपने सूप में काली मिर्च पसंद करते हैं?
 Do you like pickles on your hamburger?, क्या आपको अपने हैमबर्गर पर अचार पसंद है?
 Would you like soup and salad for lunch tomorrow?, क्या आप कल दोपहर के भोजन के लिए सूप और सलाद पसंद करेंगे?
 Do you think salt is bad for you?, क्या आपको लगता है कि नमक आपके लिए बुरा है?
 What color is your sink?, आपका सिंक किस रंग का है?
 What brand of soap do you use?, आप किस ब्रांड के साबुन का उपयोग करते हैं?
 What kind of soup do you like?, आपको किस तरह का सूप पसंद है?
 What kind of cereal do you like?, आपको किस तरह का अनाज पसंद है?
 Do you have a bike?, क्या आपके पास एक बाइक है?
 Have you been on a boat before?,क्या आप पहले एक नाव पर थे?
 Do you want to build your own house?, क्या आप अपना घर बनाना चाहते हैं?
 How many times have you been in a car wreck?, आप कितनी बार एक कार के मलबे में रहे हैं?
Have you lost your keys before?,क्या आपने पहले अपनी चाबी खो दी है?
Do you think finding new addresses is easy?,क्या आपको लगता है कि नए पते ढूंढना आसान है?
Have you ever been on an airplane before?,क्या आप पहले कभी किसी हवाई जहाज पर गए हैं?
What do you enjoy doing?,क्या कर के आपको अनंद मिलता है?
 Have you ever ridden a horse before?, क्या आपने पहले कभी घोड़े की सवारी की है?
 Do you wish you had your own helicopter?, क्या आप चाहते हैं कि आपके पास अपना खुद का हेलीकॉप्टर हो?
 Do you have a motorcycle?, क्या आपके पास मोटरसाइकिल है?
 Why do you practice signing?, आप हस्ताक्षर करने का अभ्यास क्यों करते हैं?
 What time will you leave this class?, आप किस समय इस कक्षा को छोड़ देंगे?
 How do you sign rocket?, आप रॉकेट पर हस्ताक्षर कैसे करते हैं?
 Are you looking for work?, क्या आप काम के लिए देख रहे हैं?
Is there a subway in your city?,क्या आपके शहर में मेट्रो है?
 How many tickets did you get last year?, पिछले साल आपको कितने टिकट मिले?
 Do you like to travel by train?, क्या आप ट्रेन से यात्रा करना पसंद करते हैं?
 Have you ever lost your ISL book?, क्या आपने कभी अपनी आईएसएल पुस्तक खो दी है?
 Do you prefer cars or trucks?, क्या आप कार या ट्रक पसंद करते हैं?
What scares you?,तूम्हे क्या डराता है?
 Do you think school is boring?,क्या आपको लगता है कि स्कूल उबाऊ है?
 Do you think firemen are brave?, क्या आपको लगता है कि फायरमैन बहादुर हैं?
 Do you like to chat on the phone?, क्या आप फ़ोन पर चैट करना पसंद करते हैं?
 Do you embarrass easily?, क्या आप आसानी से शर्मिंदा हैं?
 What do you enjoy doing?, क्या कर के आपको अनंद मिलता है?
 Do you think most dogs are friendly or are they mean?, क्या आपको लगता है कि ज्यादातर कुत्ते मिलनसार हैं या वे मतलबी हैं?
 When do you feel frustrated?, आप कब निराश महसूस करते हैं?
 When do you feel happy?, आपको खुशी कब होती है?
 Have you recently insulted anyone?, क्या आपने हाल ही में किसी का अपमान किया है?
 Do you sometimes feel lonely?, क्या आप कभी-कभी अकेला महसूस करते हैं?
Why are you mad?,तुम क्रोधित क्यों हो?
 Is your boyfriend [or girlfriend] the jealous type?, क्या आपका प्रेमी [या प्रेमिका] ईर्ष्यालु टाइप है?
 Do you get nervous before a test?, क्या आप परीक्षण से पहले घबरा जाते हैं?
 What do you take pride in?, तुम किस पर गर्व करते हो?
 Do you think the teacher is silly?, क्या आपको लगता है कि शिक्षक मूर्ख है?
 Do you think cats are stuck up?, क्या आपको लगता है कि बिल्लियां फंस गई हैं?
 Do you like surprise tests?, क्या आपको सरप्राइज टेस्ट पसंद हैं?
" Suppose you walk for four hours, would you be tired?"," मान लीजिए आप चार घंटे तक चलते हैं, तो क्या आप थक जाएंगे?"
 What is the name of a book that you think is interesting., एक पुस्तक का नाम क्या है जो आपको लगता है कि दिलचस्प है।
 Have you ever had a buzz-cut hair-style?, क्या आपने कभी हेयर-कट हेयर स्टाइल किया है?
 Is your ISL book thick?, क्या आपकी ISL पुस्तक मोटी है?
 Name someone who has curly hair.," किसी ऐसे व्यक्ति का नाम बताइए, जिसके घुंघराले बाल हैं"
 Who do you think is cute?, आपको क्या लगता है प्यारा है?
 Does your mom have brown eyes?, क्या आपकी माँ की आँखें भूरी हैं?
 Do you look like your dad?, क्या आप अपने पिता की तरह दिखते हैं?
 Is your sister fat?, क्या तुम्हारी बहन मोटी है?
 Do you like to fool people?, क्या आप लोगों को मूर्ख बनाना पसंद करते हैं?
 What color is your brother's hair?, आपके भाई के बाल किस रंग के हैं?
" Which do you think is prettier, long hair or short hair?"," जो आपको लगता है कि सुंदर, लंबे बाल या छोटे बाल हैं?"
" Do you eat a lot, or do you eat a normal amount?"," क्या आप बहुत खाते हैं, या आप एक सामान्य राशि खाते हैं?"
 Is your dad short?, क्या आपके पिताजी कम हैं?
 Is your grandpa skinny?, आपकी दादाजी पतली है?
 Are old people weak?, क्या बूढ़े कमजोर हैं?
 How many girls in this class have straight hair?, इस वर्ग की कितनी लड़कियों के बाल सीधे हैं?
 Are most farmers strong?, क्या ज्यादातर किसान मजबूत हैं?
 How tall are you?, तुम कितने लम्बे हो?
 Does your dad have blue eyes?, क्या आपके पिताजी की नीली आँखें हैं?
"Which do you prefer, thick or thin crust pizza?","आप किसे पसंद करते हैं, मोटे या पतले क्रस्ट पिज्जा?"
Do you think my shoes are ugly?,क्या आपको लगता है कि मेरे जूते बदसूरत हैं?
Do you ride the bus to school?,क्या आप स्कूल के लिए बस की सवारी करते हैं?
How often do you go to the dentist?,आप कितनी बार दंत चिकित्सक के पास जाते हैं?
How many jobs have you applied for previously?,आपने पहले कितनी नौकरियों के लिए आवेदन किया है?
How often do you get your haircut?,आप अपने बाल कटवाने को कितनी बार प्राप्त करते हैं?
Do you keep pictures of your old boyfriends? ,क्या आप अपने पुराने बॉयफ्रेंड की तस्वीरें रखते हैं?
Why are most postal employees thin?,अधिकांश डाक कर्मचारी पतले क्यों होते हैं?
"If something is broke, do you prefer to hire a mechanic or do you prefer to fix it yourself?","यदि कुछ टूट गया है, तो क्या आप एक मैकेनिक को किराए पर लेना पसंद करते हैं या क्या आप इसे स्वयं ठीक करना पसंद करते हैं?"
Who runs your house / apartment?,आपका घर / अपार्टमेंट कौन चलाता है?
Who is your supervisor?,आपका पर्यवेक्षक कौन है?
Why do bosses fire employees?,क्यों आग लगाते हैं कर्मचारी?
Why do pilots use sunglasses?,पायलट धूप का चश्मा क्यों इस्तेमाल करते हैं?
What do you enjoy doing?,क्या कर के आपको अनंद मिलता है?
Do you like to dance?,क्या आप नृत्य करना पसंद करेंगे?
Do you like to fish?,क्या आपको मछली पसंद है?
Do you wish you were an attorney?,क्या आप चाहते हैं कि आप एक वकील थे?
 What is your major in school or your line of work?, स्कूल में आपका प्रमुख या आपके काम की लाइन क्या है?
 Does your church send out missionaries?, क्या आपका चर्च मिशनरियों को बाहर भेजता है?
 Was your dad in the Army?, क्या आपके पिता सेना में थे?
 Does your house need painting?, क्या आपके घर को पेंटिंग की जरूरत है?
 How many pages is your resume?, आपका रिज्यूमे कितने पेज का है?
Where do you keep your money?,आप अपना पैसा कहां रखते हैं?
 Can you run your own business?, क्या आप अपना खुद का व्यवसाय चला सकते हैं?
Are you busy tomorrow?,क्या आप कल व्यस्त हैं?
What is the cost of the book?,पुस्तक की लागत क्या है?
Do you earn more than Rupees 100 per hour?,क्या आप प्रति घंटे 100 रुपये से अधिक कमाते हैं?
Do you like to go early to the class? ,क्या आप कक्षा में जल्दी जाना पसंद करते हैं?
Do you think the Government pays good amount?,क्या आपको लगता है कि सरकार अच्छी राशि का भुगतान करती है?
Can the deaf people go to college free of cost?,क्या बहरे लोग मुफ्त में कॉलेज जा सकते हैं?
Are you familiar with gold coin? Do you have one?,क्या आप सोने के सिक्के से परिचित हैं? क्या तुम्हारे पास एक है?
What do you buy every day?,आप हर दिन क्या खरीदते हैं?
 Do you have your own office?, क्या आपका अपना कार्यालय है?
Have you registered for school next year?,क्या आपने अगले साल स्कूल के लिए पंजीकरण किया है?
