YOU NEVER,0.005917159763313609
NEVER EAT,1.0
EAT CANDY,0.1111111111111111
CANDY YOU,1.0
NEW CAR,0.2
CAR HAVE,0.25
HAVE YOU,0.25
YOU PREFER,0.023668639053254437
PREFER PIZZA,0.25
PIZZA OR,0.3333333333333333
OR HAMBURGER,0.3333333333333333
YOU LIKE,0.1893491124260355
LIKE MEET,0.03225806451612903
MEET NEW,1.0
NEW PEOPLE,0.2
PEOPLE YOU,0.4
YOU FEEL,0.023668639053254437
FEEL ANXIOUS,0.16666666666666666
"ANXIOUS ,",1.0
", WHEN",0.01652892561983471
YOU LIKE,0.1893491124260355
LIKE CHAT-WITH,0.03225806451612903
CHAT-WITH DEAF,1.0
WHAT-KIND PEOPLE,0.3333333333333333
PEOPLE YOU,0.4
YOU LIKE,0.1893491124260355
LEARN NEW,1.0
NEW THING,0.2
THING YOU,1.0
YOU LIKE,0.1893491124260355
AFTERNOON WORK,1.0
WORK YOU,1.0
TODAY YOU,0.5
YOU FINISH,0.005917159763313609
FINISH BRUSH-TEETH,0.25
BRUSH-TEETH YOU,1.0
YOU THINK,0.11834319526627218
THINK LIFE,0.05
LIFE FAIR,1.0
FAIR ALL,1.0
ALL PEOPLE,1.0
EVERYDAY YOU,1.0
YOU SHOWER,0.005917159763313609
EVERY-SATURDAY WHAT-DO,1.0
WHAT-DO YOU,1.0
HABIT ANY,1.0
ANY YOU,0.5
YOU ?,0.24260355029585798
HOW-MANY HOUR,0.06666666666666667
HOUR EQUAL,0.5
EQUAL ONE,0.75
ONE DAY,0.2
DAY ?,0.6
HOW-MANY MINUTE,0.06666666666666667
MINUTE EQUAL,0.5
EQUAL ONE-HOUR,0.25
ONE-HOUR ?,1.0
HOW-MANY DAY,0.06666666666666667
DAY EQUAL,0.2
EQUAL ONE,0.75
ONE MONTH,0.2
MONTH ?,0.5
HOW-MANY MONTH,0.06666666666666667
MONTH EQUAL,0.5
EQUAL ONE,0.75
ONE YEAR,0.2
YEAR ?,0.5
YOU LIKE,0.1893491124260355
LIKE MONDAY,0.03225806451612903
MONDAY ?,1.0
"MOVIE ,",1.0
", GO",0.01652892561983471
GO TUESDAY,0.125
TUESDAY NIGHT,1.0
"NIGHT ,",0.6666666666666666
", GOOD",0.008264462809917356
"GOOD ,",0.5
", WHY",0.05785123966942149
WHY ?,1.0
SATURDAY NIGHT,0.5
"NIGHT ,",0.6666666666666666
", I",0.008264462809917356
I GO,1.0
GO PARTY,0.125
PARTY .,1.0
WANT ACCOMPANY-me,0.125
ACCOMPANY-me ?,1.0
ONE MINUTE,0.2
MINUTE HAVE,0.5
HAVE HOW-MANY,0.125
HOW-MANY S-E-C,0.06666666666666667
S-E-C ?,1.0
ONE WEEK,0.2
WEEK HAVE,1.0
HAVE HOW-MANY,0.125
HOW-MANY DAYS,0.06666666666666667
DAYS ?,1.0
YOU SCHOOL,0.005917159763313609
SCHOOL WHICH,0.16666666666666666
WHICH DAY,0.18181818181818182
DAY ?,0.6
PEOPLE GO,0.2
GO CHURCH,0.125
"CHURCH ,",0.5
", WHICH",0.04132231404958678
WHICH DAY,0.18181818181818182
DAY ?,0.6
PAST WEEKEND,0.4
WEEKEND WHAT-DO,0.5
WHAT-DO YOU,1.0
YOU ?,0.24260355029585798
"YESTERDAY ,",0.5
", HOW-MANY",0.049586776859504134
HOW-MANY TIME,0.13333333333333333
TIME YOU,0.6666666666666666
YOU EAT,0.01775147928994083
EAT ?,0.1111111111111111
NEXT-WEEK YOU,1.0
YOU COME,0.005917159763313609
COME SCHOOL,0.5
SCHOOL ?,0.16666666666666666
RESEARCH ARTICLE,0.5
"ARTICLE ,",1.0
", YOU",0.36363636363636365
YOU LIKE,0.1893491124260355
LIKE READ,0.06451612903225806
READ ?,1.0
YOUR TV,0.023255813953488372
TV CLOSE-CAPTIONED,1.0
CLOSE-CAPTIONED ?,1.0
YOUR DAD,0.13953488372093023
DAD COLLEGE,0.16666666666666666
COLLEGE ?,0.25
YOU GALLAUDET,0.005917159763313609
GALLAUDET YOU,1.0
YOU ?,0.24260355029585798
WANT BECOME,0.125
BECOME INTERPRETER,1.0
INTERPRETER YOU,0.5
YOU ?,0.24260355029585798
DEAF HEARING,0.16666666666666666
HEARING YOU,1.0
YOU ?,0.24260355029585798
YOU THINK,0.11834319526627218
THINK DEAF,0.05
DEAF DEAF,0.16666666666666666
DEAF MARRY,0.16666666666666666
MARRY SHOULD,0.5
SHOULD ?,0.3333333333333333
"HIGH-SCHOOL ,",1.0
", YOU",0.36363636363636365
YOU GRADUATE,0.01775147928994083
GRADUATE WHEN,0.6666666666666666
WHEN ?,1.0
YOU THINK,0.11834319526627218
THINK THIS,0.1
THIS CLASS,1.0
CLASS HARD,0.1
HARD ?,1.0
DEAF COLLEGE,0.16666666666666666
COLLEGE STUDENT,0.25
STUDENT SOMETIMES,1.0
SOMETIMES USE,0.5
USE NOTE-TAKER,0.16666666666666666
"NOTE-TAKER ,",1.0
", WHY",0.05785123966942149
WHY ?,1.0
WATCH MOVIE,1.0
"MOVIE ,",1.0
", YOU",0.36363636363636365
YOU LIKE,0.1893491124260355
LIKE CLOSE-CAPTION,0.03225806451612903
CLOSE-CAPTION ?,1.0
TRUE FALSE,1.0
FALSE TEST,1.0
"TEST ,",0.5
", YOU",0.36363636363636365
YOU LIKE,0.1893491124260355
LIKE ?,0.2903225806451613
RESEARCH PAPER,0.5
"PAPER ,",1.0
", YOU",0.36363636363636365
YOU LIKE,0.1893491124260355
LIKE WRITE,0.03225806451612903
WRITE ?,0.5
TEACHER LIGHTS-FLASH,0.2
"LIGHTS-FLASH ,",1.0
", WHY",0.05785123966942149
WHY ?,1.0
INTERPRETER LIST,0.5
"LIST ,",1.0
", YOU",0.36363636363636365
YOU HAVE,0.04142011834319527
HAVE ?,0.1875
"SQUARE ,",1.0
", YOU",0.36363636363636365
YOU THINK,0.11834319526627218
THINK HE/SHE,0.1
HE/SHE TEACHER,0.6666666666666666
TEACHER SHOULD,0.2
SHOULD WRITE,0.3333333333333333
WRITE MORE,0.5
MORE ?,0.5
PAST TEST,0.2
TEST THIS,0.25
THIS CLASS,1.0
CLASS YOU,0.1
YOU WRONG,0.005917159763313609
WRONG how-MANY,1.0
how-MANY ?,1.0
"COLLEGE ,",0.25
", YOU",0.36363636363636365
YOU GRADUATE,0.01775147928994083
GRADUATE WHEN,0.6666666666666666
WHEN ?,1.0
YOU THINK,0.11834319526627218
THINK THIS,0.1
THIS CLASS,1.0
CLASS EASY,0.1
EASY ?,0.75
DEAF-SCHOOL YOU,1.0
YOU ?,0.24260355029585798
SUMMER OR,0.25
OR WINTER,0.3333333333333333
"WINTER ,",0.5
", YOU",0.36363636363636365
YOU LIKE,0.1893491124260355
LIKE BETTER,0.03225806451612903
BETTER WHICH,0.5
WHICH ?,0.45454545454545453
COLD WEATHER,0.5
"WEATHER ,",1.0
", YOU",0.36363636363636365
YOU LIKE,0.1893491124260355
LIKE ?,0.2903225806451613
"AUTUMN ,",1.0
", WIND",0.008264462809917356
"WIND ,",1.0
", COOL",0.008264462809917356
"COOL ,",1.0
", YOU",0.36363636363636365
YOU LIKE,0.1893491124260355
LIKE stroll,0.03225806451612903
stroll ?,1.0
SUMMER VACATION,0.5
"VACATION ,",0.6666666666666666
", YOU",0.36363636363636365
YOU WAKE,0.005917159763313609
WAKE UP,1.0
UP what-TIME,1.0
what-TIME ?,1.0
WINTER HERE,0.5
HERE SNOW,1.0
SNOW ?,0.5
YOU THINK,0.11834319526627218
THINK TONIGHT,0.05
TONIGHT FREEZE,1.0
FREEZE ?,1.0
SUPPOSE RAIN,0.16666666666666666
"RAIN ,",1.0
", GO",0.01652892561983471
GO OUT,0.125
OUT PLAY,1.0
"PLAY ,",1.0
", SICK",0.008264462809917356
SICK YOU,0.5
YOU ?,0.24260355029585798
MAKE SNOW,0.5
SNOW MAN,0.5
"MAN ,",0.5
", YOU",0.36363636363636365
YOU LIKE,0.1893491124260355
LIKE ?,0.2903225806451613
WORK YOU,1.0
YOU ?,0.24260355029585798
? SICK,0.5
SICK DAY,0.25
DAY VACATION,0.2
VACATION YOU,0.3333333333333333
YOU CAN,0.005917159763313609
CAN HOW-MANY,0.3333333333333333
HOW-MANY ?,0.3333333333333333
WARM COOKIE,1.0
COOKIE AND,1.0
AND MILK,0.3333333333333333
"MILK ,",1.0
", YOU",0.36363636363636365
YOU LIKE,0.1893491124260355
LIKE ?,0.2903225806451613
"SLEEP-IN ,",1.0
", YOU",0.36363636363636365
YOU LIKE,0.1893491124260355
LIKE ?,0.2903225806451613
YESTERDAY YOU,0.25
YOU WAKE-UP,0.005917159763313609
"WAKE-UP ,",1.0
", what-TIME",0.024793388429752067
what-TIME ?,1.0
HOT WEATHER,1.0
"WEATHER ,",1.0
", YOU",0.36363636363636365
YOU LIKE,0.1893491124260355
LIKE ?,0.2903225806451613
SUMMER VACATION,0.5
"VACATION ,",0.6666666666666666
", YOU",0.36363636363636365
YOU GO-TO-BED,0.011834319526627219
GO-TO-BED what-TIME,0.3333333333333333
what-TIME ?,1.0
SUPPOSE SICK,0.16666666666666666
"SICK ,",0.25
", YOU",0.36363636363636365
YOU THINK,0.11834319526627218
THINK GO-TO-BED,0.05
GO-TO-BED HELP,0.3333333333333333
HELP ?,1.0
YOU USE,0.023668639053254437
USE DEODORANT,0.16666666666666666
DEODORANT YOU,1.0
YOU ?,0.24260355029585798
YOUR FAVORITE,0.023255813953488372
FAVORITE TIME,0.5
TIME YEAR,0.3333333333333333
YEAR WHAT,0.5
WHAT ?,1.0
FEEL SICK,0.16666666666666666
SICK YOU,0.5
YOU ?,0.24260355029585798
YOUR REFRIGERATOR,0.023255813953488372
REFRIGERATOR FULL,1.0
FULL ?,1.0
COLD PIZZA,0.5
"PIZZA ,",0.3333333333333333
", YOU",0.36363636363636365
YOU LIKE,0.1893491124260355
LIKE ?,0.2903225806451613
YOUR MAJOR,0.046511627906976744
MAJOR WHAT,1.0
WHAT ?,1.0
YOUR TEACHER,0.023255813953488372
TEACHER HAVE,0.2
HAVE AIDE,0.0625
AIDE ?,1.0
YOU USE,0.023668639053254437
USE BABYSITTER,0.16666666666666666
BABYSITTER ?,1.0
YOUR BOSS,0.023255813953488372
BOSS NAME,0.5
NAME ?,0.3333333333333333
YOU LIKE,0.1893491124260355
LIKE COOK,0.03225806451612903
COOK ?,0.5
YOUR GRANDPA,0.046511627906976744
GRANDPA FARMER,0.5
FARMER ?,0.5
PAST YOURSELF,0.2
YOURSELF LITTLE-GIRL/BOY,0.5
LITTLE-GIRL/BOY WANT,1.0
WANT GROW-UP,0.125
GROW-UP FUTURE,1.0
FUTURE DO-what,0.5
DO-what ?,1.0
SUPPOSE YOUR,0.16666666666666666
YOUR DAD,0.13953488372093023
DAD DIVORCE,0.16666666666666666
"DIVORCE ,",1.0
", MARRY",0.008264462809917356
MARRY NEW,0.5
NEW WOMAN,0.2
"WOMAN ,",0.5
", SHE",0.008264462809917356
SHE YOUR,1.0
YOUR WHAT,0.023255813953488372
WHAT ?,1.0
YOUR FAMILY,0.09302325581395349
FAMILY ANY,0.25
ANY LIBRARY,0.5
LIBRARY PERSON,0.5
PERSON ?,1.0
YOUR NEIGHBOR,0.023255813953488372
NEIGHBOR NAME,1.0
"NAME ,",0.3333333333333333
", WHAT",0.008264462809917356
WHAT ?,1.0
PICTURE YOUR,0.5
YOUR FAMILY,0.09302325581395349
FAMILY YOU,0.25
YOU HAVE,0.04142011834319527
HAVE ?,0.1875
"INDIA ,",1.0
", PRIME",0.008264462809917356
PRIME MINISTER,1.0
"MINISTER ,",1.0
", WHO",0.04132231404958678
WHO ?,0.5714285714285714
STEP FATHER,1.0
"FATHER ,",1.0
", MEANING",0.008264462809917356
MEANING ?,1.0
BROTHER-IN-LAW YOU,1.0
YOU HAVE,0.04142011834319527
"HAVE ,",0.125
", HOW-MANY",0.049586776859504134
HOW-MANY ?,0.3333333333333333
"WAITRESS ,",1.0
", HOW-MUCH",0.008264462809917356
HOW-MUCH SHOULD,1.0
SHOULD T-I-P,0.3333333333333333
T-I-P ?,1.0
"NEWSPAPER ,",1.0
", YOU",0.36363636363636365
YOU LIKE,0.1893491124260355
LIKE READ,0.06451612903225806
READ ?,1.0
WHICH COMPUTER,0.09090909090909091
COMPUTER PROGRAM,1.0
PROGRAM YOU,1.0
YOU USE,0.023668639053254437
USE ?,0.16666666666666666
YOU WISH,0.011834319526627219
WISH YOURSELF,0.3333333333333333
YOURSELF HAVE,0.5
HAVE SECRETARY,0.0625
SECRETARY ?,1.0
HOW SIGN,0.125
SIGN S-C-I-E-N-T-I-S-T,0.3333333333333333
S-C-I-E-N-T-I-S-T ?,1.0
POLICE he/she-HELP-you,1.0
he/she-HELP-you BEFORE,1.0
BEFORE HOW,0.09090909090909091
HOW ?,0.125
SUPPOSE TEACHER,0.16666666666666666
TEACHER NOT,0.2
NOT COME,1.0
"COME ,",0.5
", WAIT",0.008264462809917356
WAIT 1/2-HOUR,1.0
1/2-HOUR YOU,1.0
YOU ?,0.24260355029585798
BEFORE CLASS,0.09090909090909091
"CLASS ,",0.2
", WHERE",0.008264462809917356
WHERE YOU,0.3333333333333333
YOU ?,0.24260355029585798
"YESTERDAY ,",0.5
", SCHOOL",0.008264462809917356
SCHOOL FINISH,0.16666666666666666
FINISH AFTER,0.25
AFTER what-DO,1.0
what-DO YOU,0.5
YOU ?,0.24260355029585798
DOCTOR APPOINTMENT,1.0
"APPOINTMENT ,",1.0
", YOU",0.36363636363636365
YOU HAVE,0.04142011834319527
HAVE ?,0.1875
WHICH YOU,0.2727272727272727
YOU LIKE,0.1893491124260355
LIKE BEST,0.03225806451612903
"BEST ,",1.0
", SPRING",0.008264462809917356
"SPRING ,",1.0
", SUMMER",0.008264462809917356
"SUMMER ,",0.25
", FALL",0.008264462809917356
FALL ?,1.0
WHO YOU,0.14285714285714285
YOU THINK,0.11834319526627218
THINK BETTER,0.05
BETTER DRIVER,0.5
"DRIVER ,",1.0
", WOMAN",0.008264462809917356
WOMAN OR,0.5
OR MAN,0.3333333333333333
MAN ?,0.5
PAST WEEKEND,0.4
WEEKEND DO-what,0.5
DO-what ?,1.0
"SHOES ,",1.0
", YOU",0.36363636363636365
YOU HAVE,0.04142011834319527
"HAVE ,",0.125
", HOW-MANY",0.049586776859504134
HOW-MANY ?,0.3333333333333333
YOUR FIRST,0.023255813953488372
FIRST CAR,1.0
"CAR ,",0.25
", what-COLOR",0.008264462809917356
what-COLOR ?,1.0
YOUR FAMILY,0.09302325581395349
"FAMILY ,",0.5
", LAST",0.008264462809917356
LAST CHILD,0.5
CHILD WHO,1.0
WHO ?,0.5714285714285714
"TODAY ,",0.5
", YOUR",0.008264462809917356
YOUR LAST,0.023255813953488372
LAST CLASS,0.5
CLASS WHAT,0.2
WHAT ?,1.0
LATE CLASS,1.0
CLASS ALWAYS,0.1
ALWAYS YOU,1.0
YOU ?,0.24260355029585798
YOU KNOW,0.005917159763313609
KNOW WHERE,0.5
WHERE DEAF,0.3333333333333333
DEAF CENTER,0.16666666666666666
CENTER YOU,1.0
YOU ?,0.24260355029585798
PAST SATURDAY,0.2
SATURDAY YOU,0.5
YOU GO-TO-BED,0.011834319526627219
"GO-TO-BED ,",0.3333333333333333
", what-TIME",0.024793388429752067
what-TIME ?,1.0
YOUR FAMILY,0.09302325581395349
"FAMILY ,",0.5
", WHO",0.04132231404958678
WHO COOK,0.14285714285714285
COOK MOST,0.5
MOST ?,0.25
YOUR NEXT,0.023255813953488372
NEXT CLASS,1.0
CLASS WHAT,0.2
WHAT ?,1.0
HEARING-AID BATTERY,1.0
"BATTERY ,",1.0
", YOU",0.36363636363636365
YOU NOT-YET,0.005917159763313609
NOT-YET CHANGE,1.0
CHANGE YOU,1.0
YOU ?,0.24260355029585798
"LIBRARY ,",0.5
", HOW",0.024793388429752067
HOW OFTEN,0.5
OFTEN YOU,0.5
YOU GO,0.011834319526627219
GO ?,0.125
YOU GRADUATE,0.01775147928994083
GRADUATE SOON,0.3333333333333333
SOON YOU,1.0
YOU ?,0.24260355029585798
YOU RECENT,0.005917159763313609
RECENT what-DO,0.5
what-DO ?,0.5
YOU LIKE,0.1893491124260355
LIKE BANANA,0.03225806451612903
BANANA ?,1.0
"WATER ,",1.0
", MILK",0.008264462809917356
"MILK ,",1.0
", POP",0.008264462809917356
"POP ,",1.0
", BEER",0.008264462809917356
"BEER ,",1.0
", YOU",0.36363636363636365
YOU PREFER,0.023668639053254437
PREFER DRINK,0.25
DRINK WHICH,1.0
WHICH YOU,0.2727272727272727
YOU ?,0.24260355029585798
NOW-MORNING EAT,1.0
EAT WHAT,0.2222222222222222
WHAT ?,1.0
EAT FINISH,0.1111111111111111
"FINISH ,",0.25
", CUP",0.008264462809917356
"CUP ,",1.0
", DISH",0.008264462809917356
"DISH ,",1.0
", PUT",0.008264462809917356
PUT S-I-N-K,1.0
S-I-N-K YOU,0.5
YOU ?,0.24260355029585798
YESTERDAY NIGHT,0.25
NIGHT EAT,0.3333333333333333
EAT WHAT,0.2222222222222222
WHAT ?,1.0
YOUR FRENCH-FRIES,0.023255813953488372
"FRENCH-FRIES ,",1.0
", YOU",0.36363636363636365
YOU SALT,0.005917159763313609
SALT A-LOT,0.5
A-LOT ?,0.5
"FRENCH-TOAST ,",1.0
", HOW",0.024793388429752067
HOW MAKE,0.125
MAKE ?,0.5
"GRAPES ,",1.0
", YOU",0.36363636363636365
YOU EAT,0.01775147928994083
EAT HOW,0.1111111111111111
HOW OFTEN,0.5
OFTEN YOU,0.5
YOU ?,0.24260355029585798
SUPPOSE EAT,0.16666666666666666
EAT EGG,0.1111111111111111
"EGG ,",1.0
", LIKE",0.008264462809917356
LIKE KETCHUP,0.03225806451612903
KETCHUP YOU,1.0
YOU ?,0.24260355029585798
YOUR HAMBURGER,0.046511627906976744
HAMBURGER WANT,0.5
WANT M-A-Y-O,0.125
M-A-Y-O YOU,1.0
YOU ?,0.24260355029585798
YOUR HOTDOG,0.023255813953488372
"HOTDOG ,",1.0
", WANT",0.008264462809917356
WANT MUSTARD,0.125
MUSTARD YOU,1.0
YOU ?,0.24260355029585798
TOMORROW BREAKFAST,0.3333333333333333
BREAKFAST YOU,1.0
YOU WANT,0.01775147928994083
WANT PANCAKE,0.125
PANCAKE AND,1.0
AND SAUSAGE,0.3333333333333333
SAUSAGE ?,1.0
"SOUP ,",0.6666666666666666
", YOU",0.36363636363636365
YOU LIKE,0.1893491124260355
LIKE PEPPER,0.03225806451612903
PEPPER ?,1.0
YOUR HAMBURGER,0.046511627906976744
"HAMBURGER ,",0.5
", YOU",0.36363636363636365
YOU LIKE,0.1893491124260355
LIKE PICKLE,0.03225806451612903
PICKLE ?,1.0
TOMORROW EAT,0.3333333333333333
EAT NOON,0.1111111111111111
"NOON ,",1.0
", YOU",0.36363636363636365
YOU WANT,0.01775147928994083
WANT SOUP,0.125
SOUP AND,0.3333333333333333
AND SALAD,0.3333333333333333
SALAD ?,1.0
YOU THINK,0.11834319526627218
THINK SALT,0.05
SALT BAD,0.5
BAD FOR,1.0
FOR YOU,1.0
YOU ?,0.24260355029585798
YOUR S-I-N-K,0.023255813953488372
S-I-N-K what-COLOR,0.5
what-COLOR ?,1.0
SOAP YOU,1.0
YOU USE,0.023668639053254437
"USE ,",0.16666666666666666
", what-NAME",0.01652892561983471
what-NAME ?,1.0
"SOUP ,",0.6666666666666666
", YOU",0.36363636363636365
YOU LIKE,0.1893491124260355
LIKE WHAT-KIND,0.06451612903225806
WHAT-KIND ?,0.6666666666666666
"CEREAL ,",1.0
", YOU",0.36363636363636365
YOU LIKE,0.1893491124260355
LIKE WHAT-KIND,0.06451612903225806
WHAT-KIND ?,0.6666666666666666
"BICYCLE ,",1.0
", HAVE",0.01652892561983471
HAVE YOU,0.25
YOU ?,0.24260355029585798
"BOAT ,",1.0
", BEFORE",0.008264462809917356
BEFORE YOU,0.36363636363636365
YOU ?,0.24260355029585798
YOU WANT,0.01775147928994083
WANT BUILD,0.125
BUILD your-SELF,1.0
your-SELF HOUSE,0.5
HOUSE ?,0.3333333333333333
CAR crash,0.25
crash HOW-MANY,1.0
HOW-MANY TIME,0.13333333333333333
TIME YOU,0.6666666666666666
YOU ?,0.24260355029585798
YOUR KEYS,0.023255813953488372
"KEYS ,",1.0
", YOU",0.36363636363636365
YOU LOSE,0.011834319526627219
LOSE BEFORE,1.0
BEFORE ?,0.2727272727272727
YOU THINK,0.11834319526627218
THINK FIND,0.05
FIND NEW,1.0
NEW ADDRESS,0.2
ADDRESS EASY,1.0
EASY ?,0.75
? Â,0.5
AIRPLANE BEFORE,1.0
BEFORE YOU,0.36363636363636365
YOU ?,0.24260355029585798
YOU ENJOY,0.01775147928994083
ENJOY DO-what,0.6666666666666666
DO-what ?,1.0
"HORSE ,",1.0
", YOU",0.36363636363636365
YOU RIDE-ON,0.005917159763313609
RIDE-ON BEFORE,1.0
BEFORE ?,0.2727272727272727
WISH HAVE,0.3333333333333333
HAVE your-SELF,0.0625
your-SELF HELICOPTER,0.5
HELICOPTER YOU,1.0
YOU ?,0.24260355029585798
"MOTORCYCLE ,",1.0
", HAVE",0.01652892561983471
HAVE YOU,0.25
YOU ?,0.24260355029585798
YOU PRACTICE,0.005917159763313609
PRACTICE SIGN,1.0
"SIGN ,",0.3333333333333333
", WHY",0.05785123966942149
WHY ?,1.0
YOU LEAVE,0.005917159763313609
LEAVE THIS,1.0
THIS CLASS,1.0
"CLASS ,",0.2
", what-TIME",0.024793388429752067
what-TIME ?,1.0
HOW YOU,0.125
YOU SIGN,0.005917159763313609
SIGN R-O-C-K-E-T,0.3333333333333333
R-O-C-K-E-T ?,1.0
YOU SEARCH,0.005917159763313609
SEARCH WORK,1.0
WORK YOU,1.0
YOU ?,0.24260355029585798
YOUR CITY,0.023255813953488372
CITY HAVE,1.0
HAVE SUBWAY,0.0625
SUBWAY ?,1.0
LAST-YEAR TICKET,1.0
TICKET HOW-MANY,1.0
HOW-MANY YOU,0.06666666666666667
YOU ?,0.24260355029585798
TRAIN TRAVEL,1.0
"TRAVEL ,",1.0
", YOU",0.36363636363636365
YOU LIKE,0.1893491124260355
LIKE ?,0.2903225806451613
YOUR ISL,0.046511627906976744
ISL BOOK,1.0
"BOOK ,",0.25
", YOU",0.36363636363636365
YOU LOSE,0.011834319526627219
LOSE BEFORE,1.0
BEFORE YOU,0.36363636363636365
YOU ?,0.24260355029585798
YOU PREFER,0.023668639053254437
PREFER CAR,0.25
CAR TRUCK,0.25
TRUCK ?,1.0
YOU AFRAID,0.005917159763313609
AFRAID WHAT,1.0
WHAT ?,1.0
YOU THINK,0.11834319526627218
THINK SCHOOL,0.05
SCHOOL BORING,0.16666666666666666
BORING ?,1.0
YOU THINK,0.11834319526627218
THINK FIREMEN,0.05
FIREMEN BRAVE,1.0
BRAVE ?,1.0
YOU LIKE,0.1893491124260355
LIKE CHAT,0.03225806451612903
CHAT PHONE,1.0
PHONE ?,1.0
EMBARRASS EASY,1.0
EASY YOU,0.25
YOU ?,0.24260355029585798
YOU ENJOY,0.01775147928994083
ENJOY DO-what,0.6666666666666666
DO-what ?,1.0
YOU THINK,0.11834319526627218
THINK MOST,0.05
MOST DOG,0.25
DOG FRIENDLY,1.0
"FRIENDLY ,",1.0
", MEAN",0.008264462809917356
"MEAN ,",1.0
", WHICH",0.04132231404958678
WHICH ?,0.45454545454545453
YOU FEEL,0.023668639053254437
FEEL FRUSTRATED,0.16666666666666666
FRUSTRATED WHEN,1.0
WHEN ?,1.0
YOU FEEL,0.023668639053254437
FEEL HAPPY,0.16666666666666666
"HAPPY ,",1.0
", WHEN",0.01652892561983471
WHEN ?,1.0
RECENT YOU,0.5
YOU INSULT,0.005917159763313609
INSULT ANY-ONE,1.0
ANY-ONE ?,1.0
YOU SOMETIMES,0.005917159763313609
SOMETIMES FEEL,0.5
FEEL LONELY,0.16666666666666666
LONELY YOU,1.0
YOU ?,0.24260355029585798
YOU MAD,0.005917159763313609
"MAD ,",1.0
", FOR-FOR",0.008264462809917356
FOR-FOR ?,1.0
YOUR BOYFRIEND,0.023255813953488372
BOYFRIEND HE/SHE,1.0
HE/SHE JEALOUS,0.3333333333333333
JEALOUS EASY,1.0
EASY ?,0.75
BEFORE TEST,0.09090909090909091
TEST YOU,0.25
YOU FEEL,0.023668639053254437
FEEL NERVOUS,0.16666666666666666
NERVOUS YOU,1.0
YOU ?,0.24260355029585798
YOU PROUD,0.005917159763313609
PROUD ABOUT,1.0
ABOUT WHAT,1.0
WHAT ?,1.0
YOU THINK,0.11834319526627218
THINK HE/SHE,0.1
HE/SHE TEACHER,0.6666666666666666
TEACHER SILLY,0.2
SILLY ?,1.0
YOU THINK,0.11834319526627218
THINK CAT,0.05
CAT STUCK-UP,1.0
STUCK-UP ?,1.0
SURPRISE TEST,1.0
"TEST ,",0.5
", YOU",0.36363636363636365
YOU LIKE,0.1893491124260355
LIKE ?,0.2903225806451613
SUPPOSE WALK,0.16666666666666666
WALK 4-HOUR,1.0
"4-HOUR ,",1.0
", FUTURE",0.008264462809917356
FUTURE TIRED,0.5
TIRED YOU,1.0
YOU ?,0.24260355029585798
BOOK YOU,0.25
YOU THINK,0.11834319526627218
THINK INTERESTING,0.05
"INTERESTING ,",1.0
", what-NAME",0.01652892561983471
what-NAME ?,1.0
BUZZ-CUT BEFORE,1.0
BEFORE YOU,0.36363636363636365
YOU ?,0.24260355029585798
YOUR ISL,0.046511627906976744
ISL BOOK,1.0
BOOK ?,0.25
NAME SOMEONE,0.3333333333333333
SOMEONE CURLY-HAIR,1.0
CURLY-HAIR .,1.0
YOU THINK,0.11834319526627218
THINK CUTE,0.05
"CUTE ,",1.0
", WHO",0.04132231404958678
WHO ?,0.5714285714285714
YOUR MOM,0.023255813953488372
MOM EYES,1.0
EYES BROWN,0.5
BROWN ?,1.0
YOU LOOK-LIKE,0.005917159763313609
LOOK-LIKE YOUR,1.0
YOUR DAD,0.13953488372093023
DAD ?,0.16666666666666666
YOUR SISTER,0.023255813953488372
SISTER FAT,1.0
FAT ?,1.0
YOU LIKE,0.1893491124260355
LIKE FOOL,0.03225806451612903
FOOL PEOPLE,1.0
PEOPLE ?,0.2
YOUR BROTHER,0.023255813953488372
BROTHER HAIR,1.0
"HAIR ,",1.0
", COLOR",0.008264462809917356
COLOR ?,1.0
"HAIR ,",1.0
", LONG-HAIR",0.008264462809917356
"LONG-HAIR ,",1.0
", SHORT-HAIR",0.008264462809917356
"SHORT-HAIR ,",1.0
", WHICH",0.04132231404958678
WHICH YOU,0.2727272727272727
YOU THINK,0.11834319526627218
THINK PRETTY,0.05
PRETTY ?,1.0
YOU EAT,0.01775147928994083
EAT A-LOT,0.1111111111111111
"A-LOT ,",0.5
", REGULAR",0.008264462809917356
"REGULAR ,",1.0
", WHICH",0.04132231404958678
WHICH ?,0.45454545454545453
YOUR DAD,0.13953488372093023
DAD SHORT,0.16666666666666666
SHORT ?,1.0
YOUR GRANDPA,0.046511627906976744
GRANDPA SKINNY,0.5
SKINNY ?,1.0
OLD PEOPLE,0.5
PEOPLE WEAK,0.2
WEAK ?,1.0
GIRL THIS,1.0
THIS CLASS,1.0
CLASS STRAIGHT-HAIR,0.1
"STRAIGHT-HAIR ,",1.0
", HOW-MANY",0.049586776859504134
HOW-MANY ?,0.3333333333333333
MOST FARMER,0.25
FARMER STRONG,0.5
STRONG ?,1.0
YOU HOW-TALL,0.005917159763313609
HOW-TALL ?,1.0
YOUR DAD,0.13953488372093023
DAD EYES,0.16666666666666666
EYES BLUE,0.5
BLUE ?,1.0
PIZZA THIN,0.3333333333333333
"THIN ,",1.0
", THICK",0.008264462809917356
"THICK ,",1.0
", YOU",0.36363636363636365
YOU FAVORITE,0.005917159763313609
FAVORITE WHICH,0.5
WHICH ?,0.45454545454545453
MY SHOES,1.0
"SHOES ,",1.0
", YOU",0.36363636363636365
YOU THINK,0.11834319526627218
THINK UGLY,0.05
UGLY ?,1.0
"BUS ,",1.0
", YOU",0.36363636363636365
YOU RIDE-IN,0.005917159763313609
RIDE-IN SCHOOL,1.0
"SCHOOL ,",0.16666666666666666
", YOU",0.36363636363636365
YOU ?,0.24260355029585798
YOU GO,0.011834319526627219
GO DENTIST,0.125
DENTIST HOW,1.0
HOW OFTEN,0.5
OFTEN ?,0.5
JOB YOU,1.0
YOU APPLY,0.005917159763313609
APPLY BEFORE,1.0
"BEFORE ,",0.09090909090909091
", HOW-MANY",0.049586776859504134
HOW-MANY ?,0.3333333333333333
YOU HAIRCUT,0.005917159763313609
"HAIRCUT ,",1.0
", HOW",0.024793388429752067
HOW OFTEN,0.5
OFTEN ?,0.5
OLD BOY-FRIEND,0.5
"BOY-FRIEND ,",1.0
", PICTURE",0.008264462809917356
PICTURE YOU,0.5
YOU KEEP,0.011834319526627219
KEEP ?,0.5
MOST POST-OFFICE,0.25
POST-OFFICE WORKER,1.0
WORKER THIN,0.5
"THIN ,",1.0
", WHY",0.05785123966942149
WHY ?,1.0
SOMETHING BROKE,1.0
"BROKE ,",1.0
", YOU",0.36363636363636365
YOU PREFER,0.023668639053254437
PREFER HIRE,0.25
HIRE MECHANIC,1.0
"MECHANIC ,",1.0
", FIX",0.008264462809917356
FIX you,1.0
you SELF,1.0
"SELF ,",0.25
", WHICH",0.04132231404958678
WHICH ?,0.45454545454545453
YOUR HOUSE,0.046511627906976744
"HOUSE ,",0.3333333333333333
", WHO",0.04132231404958678
WHO MANAGE,0.14285714285714285
MANAGE ?,0.5
YOUR SUPERVISOR,0.023255813953488372
"SUPERVISOR ,",1.0
", WHO",0.04132231404958678
WHO ?,0.5714285714285714
BOSS FIRE,0.5
FIRE WORKER,1.0
"WORKER ,",0.5
", WHY",0.05785123966942149
WHY ?,1.0
PILOT USE,1.0
USE SUN,0.16666666666666666
SUN GLASSES,1.0
"GLASSES ,",1.0
", WHY",0.05785123966942149
WHY ?,1.0
YOU ENJOY,0.01775147928994083
ENJOY what,0.3333333333333333
what DO,1.0
DO ?,1.0
YOU LIKE,0.1893491124260355
LIKE DANCE,0.03225806451612903
DANCE ?,1.0
YOU LIKE,0.1893491124260355
LIKE FISHING,0.03225806451612903
FISHING ?,1.0
YOU WISH,0.011834319526627219
WISH you,0.3333333333333333
you SELF,1.0
SELF LAWYER,0.25
LAWYER ?,1.0
YOUR MAJOR,0.046511627906976744
MAJOR WHAT,1.0
WHAT ?,1.0
YOUR CHURCH,0.023255813953488372
CHURCH SEND,0.5
SEND MISSIONARY,1.0
MISSIONARY ?,1.0
YOUR DAD,0.13953488372093023
DAD ARMY,0.16666666666666666
ARMY BEFORE,1.0
BEFORE ?,0.2727272727272727
YOUR HOUSE,0.046511627906976744
HOUSE NEED,0.3333333333333333
NEED PAINT,1.0
PAINT ?,1.0
YOUR RESUME,0.023255813953488372
"RESUME ,",1.0
", HOW-MANY",0.049586776859504134
HOW-MANY PAGE,0.06666666666666667
PAGE ?,1.0
YOUR MONEY,0.023255813953488372
"MONEY ,",1.0
", YOU",0.36363636363636365
YOU KEEP,0.011834319526627219
KEEP WHERE,0.5
WHERE ?,0.3333333333333333
CAN YOU,0.3333333333333333
YOU MANAGE,0.005917159763313609
MANAGE YOU,0.5
YOU SELF,0.005917159763313609
SELF BUSINESS,0.25
BUSINESS ?,1.0
"TOMORROW ,",0.3333333333333333
", YOU",0.36363636363636365
YOU BUSY,0.005917159763313609
BUSY ?,1.0
BOOK COST,0.25
COST WHAT,1.0
WHAT ?,1.0
YOU EARN,0.005917159763313609
EARN MORE,1.0
MORE THAN,0.5
THAN 100,1.0
100 RUPEES,1.0
RUPEES HOUR,1.0
HOUR ?,0.5
YOU LIKE,0.1893491124260355
LIKE GO,0.03225806451612903
GO CLASS,0.125
CLASS EARLY,0.1
EARLY ?,1.0
YOU THINK,0.11834319526627218
THINK GOVERNMENT,0.05
GOVERNMENT PAY,1.0
PAY GOOD,1.0
GOOD ?,0.5
CAN DEAF,0.3333333333333333
DEAF GO,0.16666666666666666
GO COLLEGE,0.125
COLLEGE FREE,0.25
FREE ?,1.0
KNOW GOLD,0.5
GOLD COIN,1.0
"COIN ,",1.0
", YOU",0.36363636363636365
YOU HAVE,0.04142011834319527
HAVE YOU,0.25
YOU ?,0.24260355029585798
EVERYDAY YOU,1.0
YOU BUY,0.005917159763313609
BUY WHAT,1.0
WHAT ?,1.0
YOU HAVE,0.04142011834319527
HAVE you,0.0625
you SELF,1.0
SELF OFFICE,0.25
OFFICE ?,1.0
next-YEAR SCHOOL,1.0
SCHOOL REGISTER,0.16666666666666666
REGISTER FINISH,1.0
FINISH YOU,0.25
YOU ?,0.24260355029585798
